USC00043157,153.2458
USC00345635,245.94698
USC00206661,120.74317
USC00047516,244.52055
USC00264542,169.93973
CA006144442,41.77193
USC00081432,254.9153
USC00116610,162.97214
CA003012280,59.05422
USC00184780,177.84154
CA007013735,60.6612
USC00136225,145.89316
USC00297460,204.21312
CA007024400,96.23901
USC00206658,123.2377
USC00145173,207.47253
USC00130923,125.34247
USC00243617,120.57104
USC00027915,275.43707
USC00263205,80.666664
USC00048839,160.84697
USC00253880,159.48361
USC00319352,288.52173
USC00194105,139.80548
USC00312719,236.74925
USC00105955,149.24316
USC00413411,218.62712
USC00398176,96.23204
USC00413415,239.9399
ASN00010648,235.06319
USC00220955,204.70995
USC00481565,208.21349
USC00018178,233.03288
USC00320313,108.84297
USC00148235,147.47826
USC00261490,182.50716
USW00024284,154.66121
CA004044558,4.0153847
USC00358964,204.1875
USW00024285,150.61476
USC00136243,154.54372
USC00251200,155.58127
USC00162534,264.3552
USW00024281,144.4918
CA003061200,71.34711
USC00391519,120.2623
USC00055116,154.59497
USC00425402,156.82143
USC00162525,246.21153
USC00365259,142.61476
USC00459630,67.05
USW00024274,161.98907
USC00031152,234.99724
USC00286775,170.25957
DA000027080,106.63661
USC00172765,113.21584
USC00043111,226.80328
USC00473917,108.11813
USC00422319,84.31792
USC00115326,126.76945
USC00163800,261.70206
USC00334937,163.68306
USC00502156,95.10256
USC00183410,160.53279
USC00293060,128.01765
USC00391579,135.74405
USC00358988,164.40984
USC00205381,100.99452
RSM00027459,70.800545
USC00263245,176.5765
USC00334929,186.30727
USC00488163,57.22222
USC00234705,190.47124
USC00218679,75.2541
USC00358997,136.49442
USC00298769,190.97685
USC00138852,135.50415
USC00414705,248.10382
CA006075379,99.138504
USC00322949,94.77686
USC00482855,124.687706
USC00330563,151.29095
CA005052864,37.336067
USC00482845,93.51397
USC00121197,174.41917
USC00045756,197.43454
USC00085850,254.54626
USW00094104,117.52186
USC00172740,123.8388
USC00264560,173.69333
USC00308631,102.092896
USC00467207,143.5589
USC00357675,129.54979
USC00145152,183.03561
USC00343042,208.69862
CA008206000,102.16712
USC00356357,134.46962
USC00032444,206.98361
CA001152090,120.28729
USC00032442,206.86612
KZ000035416,119.63388
USW00054936,122.161674
USC00272174,125.29589
USC00390236,305.84445
USC00507891,54.565216
USC00155389,199.84154
USC00092161,241.75684
USC00331072,155.1175
USW00014850,114.72329
USC00085879,259.4205
CA001160510,106.275
USC00109493,125.0
USC00413485,258.07623
USC00146427,187.36066
USW00014848,136.9235
USC00469049,182.63585
USC00354506,135.96994
USC00053359,145.31818
USC00425483,158.34384
CA004024080,77.77608
USC00138806,202.16747
USC00273409,102.02204
USC00396397,147.95589
USC00457078,133.01639
USC00412173,272.07376
USC00083207,280.1315
USC00294369,166.62842
USC00405882,183.57262
USC00236493,219.43985
USC00114823,158.20937
USC00293031,188.57692
USC00295691,175.8274
CA006146240,121.84426
USC00211198,110.441666
USC00108137,137.03911
USC00261410,191.03581
USW00014874,151.33699
USC00417873,263.85245
USC00244084,159.27385
USC00298730,169.22466
USC00135796,146.55342
USC00475718,132.16202
USC00145115,187.4136
USC00114814,111.079735
USC00142086,178.23224
USC00404561,215.80403
USW00014881,130.19125
USC00318089,209.43878
USC00300795,119.3388
USC00517204,258.87878
USC00320382,106.4779
CA005012720,33.378048
USC00271682,131.56831
USC00033734,219.7096
USC00451759,156.11603
USC00146455,187.95628
USW00094967,98.709145
USC00392820,155.71312
USC00300766,148.93486
USC00421070,138.98245
USC00346926,241.07599
USC00469011,171.69505
USW00014898,102.46722
USC00309100,138.71039
USC00414780,247.47267
USC00088942,278.6548
LH000026730,77.513435
USC00412114,258.63934
USC00248498,137.10179
USC00193625,383.0
TX000038895,230.50447
USC00203585,114.74044
USC00095231,231.04645
CA006105709,251.94444
USC00282340,145.0554
USC00092198,242.57747
USC00346935,229.37604
CA008104936,100.25392
USC00215563,125.17308
USC00318060,230.3354
CA005020320,183.6207
USC00414791,260.7763
CA001067740,87.49254
USC00100227,153.5847
USC00412121,226.51912
USC00437401,110.724045
USC00295657,180.82378
USC00144695,198.7377
USC00460687,178.43132
USC00355886,109.84426
USC00401480,213.76776
USC00446355,187.66357
USC00511930,218.72652
USC00042640,227.59016
USC00227582,223.40984
USC00262780,191.00276
CA001105630,145.89891
USC00131394,148.46994
USC00130064,141.27672
USC00129080,177.52727
USC00380850,255.14984
USC00113522,197.72678
CA008403448,77.29752
USC00281028,182.04099
USC00265818,176.88345
USC00167344,235.36278
USC00241842,135.06212
USC00509641,44.01639
USC00041300,191.19398
USC00235175,176.86188
USC00248493,116.78022
USC00215589,104.366394
USC00028343,242.88353
USC00293015,236.80495
USC00206642,142.25479
USC00135769,153.84973
USW00024232,156.86377
USC00132789,146.05292
USC00181710,183.04645
USC00105169,150.53207
EIE00101859,129.71709
CA001068100,36.64
USC00385775,233.89972
USC00233369,164.53847
USC00383109,238.0131
USC00306941,102.76986
USC00219067,131.70766
USC00338534,147.52197
CA008402975,60.256832
USC00380074,233.40437
CA007020840,91.06425
SP000008280,205.1776
USC00130133,127.37705
USC00448062,182.81148
USC00349203,218.33673
USC00322188,110.287674
USC00419522,250.89807
ASN00015540,287.25684
USC00029653,287.02396
USC00325220,116.897896
USC00219059,101.13934
CA004013480,73.60929
CA001033479,121.169395
USC00051564,163.20442
USC00408873,194.57584
USC00130149,157.72603
USC00454738,135.34435
USC00419532,230.9071
CA003011890,204.5697
USC00363526,149.8224
CA003075047,85.04972
USC00475677,120.0
USC00420519,177.25743
USC00095290,209.23497
USC00134502,150.48088
USC00310184,209.32329
USC00043939,187.08197
USC00315890,203.2377
USC00284987,153.51373
USC00397742,170.25507
USC00087665,286.41962
USC00363510,156.87978
USC00118452,146.25345
USC00025274,304.16666
USC00363516,156.57924
USW00014918,93.120544
USC00246660,118.17583
USC00245337,118.23055
USC00427155,141.0248
USC00221389,237.0601
USC00412906,261.25143
USC00471295,112.5182
USC00358190,92.016556
USC00474320,8.776316
USC00302547,120.86066
USW00014932,144.73224
USC00309189,134.5014
USW00014931,153.72678
USC00213793,108.63231
USC00363542,148.90984
USC00364873,144.30556
USW00014929,121.23077
USW00014925,119.29235
USC00141696,176.06868
USC00140365,207.65027
USW00014924,73.03552
USC00299165,210.44263
USC00051528,151.30328
USC00198580,141.84254
USC00349247,215.73521
USC00049200,232.81148
CA006140941,121.15847
USC00301220,-20.451612
USC00200489,197.40323
USC00250740,157.33653
USW00014936,130.21039
USC00417779,268.6175
USC00129112,178.45628
USC00256040,172.20766
USC00463672,177.32874
USC00364891,126.80882
CA007041710,48.86464
USC00451666,143.68306
USC00178963,-4.47541
USC00336781,181.46478
USC00362236,128.30508
USC00120784,166.45604
CA003033240,79.46961
USC00089417,269.4321
USC00296913,141.30328
USC00046168,258.9052
USC00311479,215.00273
USC00315838,208.28688
CA004016560,76.97814
USW00014946,116.64561
USW00014945,239.72641
USC00262708,155.33145
ASN00072151,234.86339
USC00244038,84.616615
ASN00044022,279.1015
USC00451679,150.37978
USC00301207,138.99727
USC00310160,123.45652
CA003014975,88.39812
USC00130112,153.71312
USC00335438,148.5221
USC00371175,129.22404
USC00516806,256.62637
USC00424946,126.24746
USC00242230,129.36188
USC00406287,182.71233
ASN00004002,343.1111
USC00127362,154.22678
USC00317675,212.28244
USC00230261,194.62535
USC00148287,197.2819
USC00511122,265.24045
USC00464170,190.21979
CA006150395,98.44638
USC00390296,156.66142
USC00394651,176.8797
USC00046136,207.19125
USC00418274,225.32787
USC00234625,193.10924
USC00141668,237.3552
USC00381310,239.98082
USC00217277,120.07713
USC00047470,261.26776
CA004013400,85.72034
USC00246601,150.97386
CA001016990,133.57104
CA001036570,131.84427
USC00132724,122.907104
CA006071712,60.35792
USC00174566,119.78142
CA006154780,101.3224
USC00340800,187.00558
USC00085099,252.625
ASN00056017,241.54918
USC00048781,82.34426
USC00347435,203.5509
USC00299148,237.80978
USC00293840,137.38586
USC00082827,282.31146
USC00223975,215.01093
USC00090430,218.36339
USC00046115,283.71857
USC00126056,191.33736
USC00293855,245.347
USC00431243,127.11589
USC00023498,241.14207
USC00144712,192.7135
USC00330622,151.78142
USC00243557,103.94536
USC00473090,111.45536
USC00299156,220.83978
USC00175875,132.34154
USC00415196,254.92076
USC00418221,246.9754
USC00137594,195.0584
USC00305658,99.909836
CA008401600,40.972828
USC00441471,192.97911
USC00465440,151.74725
USC00427185,127.67416
USC00222668,244.20493
USC00246635,129.70766
USC00465445,172.23497
USC00154938,186.88763
USC00048758,119.12877
CA003015400,84.09836
USC00232004,194.29282
USC00304332,134.06557
CA004013440,99.10746
FR000007354,157.44536
USC00330600,129.40437
USC00105120,106.83288
USC00222658,231.84445
UPM00034523,121.989075
USC00255590,147.60548
USC00185200,186.80165
CA004017800,180.15846
USC00024779,163.08743
USC00126001,177.72678
USC00474383,86.008286
USC00394661,133.54576
USC00453444,226.83461
USC00243581,128.39618
USC00201744,133.75214
USC00220021,222.88799
USC00219046,128.81967
HU000012942,142.03279
USC00317615,221.01366
USC00093516,248.1547
USC00118419,-16.0
USC00507902,34.573223
USC00207068,93.31967
USC00474375,123.7623
USC00338552,161.56831
USC00255565,165.76712
RSM00026063,74.76751
USC00235976,203.4918
USC00142972,192.98082
USC00334189,150.36885
USC00299113,129.37637
USC00105841,164.41257
USC00392984,132.63461
USC00319462,217.40984
GLE00100981,0.6284153
USC00410493,259.0437
USC00408184,175.54985
USC00457110,147.50186
USC00136103,117.061455
USC00083978,261.01093
USC00130807,127.643456
USW00023056,187.59831
USC00264429,153.63158
USC00090253,258.834
USC00401553,207.37088
USC00183348,177.01366
USC00187705,166.44876
USC00306164,117.78416
USC00043261,251.8808
USC00307497,158.25684
USC00100149,163.23724
USC00061715,125.855194
USW00023043,227.90137
USC00138771,159.06607
USC00333758,165.61201
USC00241794,112.71491
USC00333750,135.26776
USC00389350,219.62842
USC00422484,162.8599
KZ000035358,111.96727
USC00318113,219.78688
USC00345779,223.55191
USC00426867,147.48022
USC00218543,89.51567
USC00478027,102.43716
USC00114770,134.54645
USW00023072,217.69672
CA007090050,55.090908
USC00011694,236.5075
USC00235093,177.5246
CA006157625,-14.85
USC00356426,107.90058
USC00369733,161.30602
USC00344451,282.33118
CA003030840,208.93204
USC00232823,167.63715
USC00307472,169.5
USC00389327,211.60382
CA008500500,-1.7214484
CA003012195,108.135735
USC00328396,180.59494
USW00023065,162.90282
USC00052192,183.15868
USC00296040,153.58504
USC00185985,179.5041
ASN00065016,251.73698
USW00023066,167.58197
USC00445121,192.52733
USC00319423,226.90935
USC00023621,283.95343
USC00223917,239.81593
USC00479335,115.435394
USC00081356,251.10663
USC00251145,146.26239
USC00268820,94.1579
USC00048928,186.27596
CA008101700,101.70765
USC00095988,228.21858
USC00044555,269.43442
USC00048914,249.88524
EGE00147732,285.9918
USC00230224,187.42076
EGE00147733,297.33334
USC00256832,154.51163
BE000006447,144.95355
EGE00147730,275.16394
CA006120315,106.2541
USC00085705,271.09555
USC00226177,241.04945
USC00032580,215.9478
USC00116526,158.51724
EGE00147728,279.8889
USC00125435,160.69014
EGE00147726,245.57103
USC00456678,138.2058
USC00036918,220.97267
USC00307413,105.25956
USC00297323,154.42857
ASN00004020,359.347
USC00356464,152.8631
USC00134389,159.42896
USC00468652,183.42152
USC00413506,254.42076
USC00138747,136.95628
USC00263101,168.34644
USC00124113,154.75957
CA006124700,97.111115
USC00368449,142.61476
USC00104526,145.25714
USC00036928,219.7178
USC00105859,135.13837
USC00230204,181.64777
USC00112140,165.90984
USC00259090,169.82466
USC00298668,171.0601
USC00057848,127.29412
USC00414848,265.45355
USC00012971,217.13934
USC00146374,186.56944
USC00408176,200.55464
USC00236357,163.52185
USC00044520,230.06831
USC00404657,195.28961
USC00040161,169.76776
USC00235027,42.560974
USC00101408,157.2274
USC00126705,178.45901
CA001080870,100.18306
USC00203429,146.81905
USC00387560,220.74043
RSM00024266,-465.43396
USC00450569,158.0246
USC00148964,192.03552
USC00215400,120.74722
USC00417983,248.90984
USC00367931,158.80602
USC00225687,244.87395
USC00417979,293.52472
USC00353305,194.22626
USC00404673,212.31421
USC00484796,144.77994
USC00295571,158.02248
USC00097720,256.8329
USC00032540,220.51437
USC00354632,144.02155
USC00303938,86.38415
USC00044500,208.33147
USC00395154,154.70412
USC00215433,113.37978
CA001104468,146.07182
USC00519738,276.0412
USC00417992,253.37431
USC00386209,226.97514
USC00214106,130.51651
USW00014992,78.19131
AGE00147718,273.04843
AGE00147717,234.00552
AGE00147719,262.61707
AGE00147710,241.21739
USC00138704,133.6326
CA006075400,38.798344
AGE00147712,249.55057
AGE00147711,219.6338
USC00108022,165.82874
AGE00147714,217.06052
AGE00147713,210.0
USC00353312,153.89851
AGE00147716,216.4011
USC00110338,136.17583
AGE00147715,234.34903
USC00041462,213.01366
CA006143083,106.4337
USC00387542,238.53632
USC00161956,250.26575
USC00340017,221.26721
USC00302610,148.26744
USC00342678,226.35912
USC00021870,245.46994
CA001126505,124.87978
USC00415341,238.83606
USC00484770,89.26028
USC00054770,192.60382
USC00457180,137.68579
USC00250640,178.13333
AGE00147720,221.04973
USC00331152,159.82787
USC00097740,251.74022
USC00261358,210.0
USC00424225,67.58064
USC00510507,285.91574
USC00088824,276.63934
USC00253735,162.08743
USC00193505,145.91714
USC00143239,203.42433
USC00021849,256.5273
USC00412239,189.3825
USC00108089,109.05882
USC00426874,146.42322
USC00412243,248.9153
AGE00147706,196.8956
USC00028494,283.53824
USC00206507,100.954544
AGE00147709,176.62088
AGE00147708,242.28021
USC00475808,111.78116
USC00354670,66.111115
USC00374266,137.20766
USC00143248,198.35246
USC00108076,130.45355
CA006115810,101.915016
AGE00147705,222.31406
USC00400271,205.39285
AGE00147704,227.90634
USC00054750,76.40437
USC00428600,131.53593
USC00123650,154.43716
USC00155243,191.36885
USC00253710,140.07182
USC00514091,237.95355
CA003023720,100.68306
USC00144588,174.4349
USC00333780,137.5847
USC00392927,130.9071
USC00417948,274.32935
USW00023034,259.73044
USC00241722,130.0697
USC00135638,144.81337
ASN00041038,275.5929
USC00108062,148.67169
USC00424233,182.52528
USC00451830,136.6175
USC00216795,90.47123
USC00306184,105.92896
CA001067881,109.775955
USC00417951,252.96848
USC00412266,269.39072
USC00391609,187.62122
USC00144598,173.11781
CA008104800,88.1612
USC00054734,110.0
ASN00041023,264.70993
USC00453546,167.79234
USC00474482,122.81644
USC00415272,251.86066
USC00388922,255.19328
USC00415274,286.56863
USC00427260,164.18651
USC00145972,177.51093
USC00350304,165.54121
USC00299085,136.8006
USC00314684,230.45082
USC00338656,147.1448
CA006131910,140.30602
USC00395228,138.83478
USC00024089,228.3224
USC00397882,127.14754
USC00291138,234.56557
USC00083163,267.4737
SZ000009480,169.89345
USC00118353,157.28688
CA003032680,116.63661
CA005062047,30.08192
USC00049367,246.46358
USC00301391,137.65027
USC00466867,170.14754
USC00246562,128.74329
USC00317727,203.42458
USC00247894,133.40384
USC00305748,120.59836
USC00202984,84.64286
USC00214989,130.73224
USC00050348,149.86885
USC00478827,119.38798
USC00131354,164.68484
CA006160465,99.03672
USC00364979,159.69315
USC00364972,130.5929
USW00093852,252.35246
USC00182905,170.5403
USC00300023,152.80055
USC00190538,135.28961
USC00486440,72.47541
USC00144665,178.13031
USC00350324,148.75957
USC00042728,219.84973
CA001070571,60.892563
USC00129040,167.69315
USC00363632,176.25479
USC00086210,264.4725
CA001143900,122.1583
USC00487760,132.44414
USC00245211,116.70219
USC00352997,123.67769
USC00314679,202.46461
CA004015325,94.425285
USC00351664,143.88155
USC00201675,143.37431
USC00363662,177.82466
USC00198470,138.63934
USC00478805,119.45786
USC00387631,238.76
GM000003342,126.62022
USC00361001,157.98355
USC00144608,180.55069
USC00486422,102.45
USC00080940,275.3377
USC00065309,154.66121
CA001066480,115.50546
USW00013713,207.87123
CA001086090,123.1634
CA008403500,85.092896
USC00042705,249.08333
USC00111767,167.30579
USW00093807,192.41493
USW00093808,201.45206
USC00287079,166.51093
USC00117067,167.96164
USC00323594,93.65804
USC00300015,125.068306
USC00250620,162.90555
USW00013724,150.65027
USC00424180,124.79235
USW00093809,181.69398
USC00105086,132.74585
USC00350356,135.92953
USC00157948,181.31694
USC00469078,250.53896
EI000003969,129.62296
USC00292436,248.9533
USC00118386,169.8599
CA006127887,100.3224
USC00246576,117.79945
USC00013399,225.08743
USC00111743,158.42465
RQC00667292,316.92624
USC00131319,137.6694
USC00309292,163.44263
USC00133985,56.29665
USC00017733,246.43517
CA004015360,66.18904
USC00120676,151.40437
USC00514938,256.5326
USW00093820,167.14207
USW00093822,158.59451
USC00349391,217.82513
USC00484695,94.75934
GM000003319,124.28962
USC00349395,232.19945
USC00293775,235.4114
USC00315965,208.22131
USC00334220,159.0
USC00203410,130.71477
CA006159459,151.42041
USC00403280,196.36986
USC00336085,138.2459
USC00197104,123.093666
USC00150490,193.37431
USC00136196,149.99724
USC00340908,190.55367
USC00116579,143.37874
USC00330775,148.25478
USC00242112,141.2964
USC00140201,186.45251
CA003054080,8.300885
USC00092966,257.26114
CA006034070,39.432278
USC00481610,94.565575
USC00185111,180.78572
USC00104588,131.09454
USC00408108,213.48732
USC00393440,163.71312
USC00195390,154.70732
USC00046252,191.98901
USC00230147,185.43875
USC00210515,48.711296
USC00355170,156.85329
USC00150481,193.82513
USC00308860,120.80548
USC00235834,183.1989
USC00220792,243.44598
USC00163794,234.80602
USC00410420,247.11201
USC00242122,133.05296
USC00142872,181.58356
USC00243455,136.23288
USC00132603,135.48088
USC00210541,153.70122
USC00205193,150.76384
USC00360530,77.23967
ASN00090015,165.59016
USC00348884,232.82417
USC00141559,192.44263
USC00210546,5.649007
USC00417079,224.54918
USC00240392,105.41868
USC00116558,175.01648
USC00422418,164.6048
USC00034251,207.82513
USC00299020,166.03099
CA003034480,131.74043
USC00431360,107.45091
USC00112193,166.73224
CA003072720,67.88525
USC00199731,123.31694
USC00512317,289.74506
USC00076020,190.02185
USC00186430,168.92622
USC00411772,256.3025
USC00380124,245.95833
USC00142894,196.63115
USC00346240,220.23224
USC00317789,203.72678
CA003072719,71.0685
USC00315123,210.22404
CA006150243,98.65574
USC00235861,195.95184
USC00211891,89.40437
USC00124168,195.87363
CA003050520,82.28962
CA004057120,70.8388
USC00058204,120.68579
USC00246510,5.096774
USC00300090,140.4754
USC00157091,181.97815
USC00441593,200.41791
USC00107673,144.1776
USC00105011,171.59016
USC00464230,222.0902
USC00243489,132.35504
USC00465563,249.65715
USC00124176,150.93716
LOE00105562,134.83606
USC00234544,205.40404
CA003036200,124.608696
USC00417020,264.21857
USC00023591,120.37171
USC00142835,189.70766
CA008300298,92.96722
USC00010252,255.78723
USC00406371,197.90437
USC00297277,165.88219
USC00092996,266.55173
USC00088040,267.26776
USC00196676,129.10928
CA005022051,61.789616
USC00476208,109.675
USC00194012,181.64832
KZ000028952,75.590164
USC00281708,170.56557
CA008105200,109.983284
UPM00033345,99.18033
USC00230165,207.0483
USC00254110,158.04657
CA005022040,93.00275
USC00346278,215.56198
CA005022041,70.78521
USC00303102,104.2459
USC00141522,185.91026
USC00201634,150.49727
USC00300085,148.98112
USC00380165,230.42297
CA006137285,120.58929
USC00223887,213.16873
USC00421272,164.15517
USC00291927,127.99727
USC00203391,105.57895
USC00024639,254.03522
USC00090140,250.43716
USC00173897,111.62327
USC00125337,154.72678
USC00254985,162.62192
USC00127999,164.71858
USC00364159,165.74316
CA005023243,77.800545
USC00478171,104.85849
CA006164297,105.9805
USC00137312,133.57822
USW00023170,186.42798
CA006111766,110.07377
USC00331220,177.58678
EN000026242,78.907104
USC00352168,165.04932
USC00180185,184.02466
USC00291939,213.97058
USC00090131,247.64832
USC00290600,251.63934
USC00228684,235.91762
USC00324925,103.142395
USC00340193,203.23824
USC00389469,231.30386
USC00365479,156.19125
USC00044232,210.31421
USC00333876,153.3589
USC00161891,239.06335
USC00352178,165.65341
USC00113335,149.71312
USC00176937,51.45625
USC00102676,93.38798
USC00466163,159.36185
USC00253630,150.27322
USC00164958,238.2718
USC00050909,62.669174
USC00454178,149.66154
USC00137340,154.66394
USC00331202,166.07104
USW00023194,190.1579
USC00458540,178.7062
USC00138668,147.13129
USC00356541,187.89565
USC00413668,292.52097
USC00411007,254.89548
USC00176902,115.88525
ASN00040264,265.09564
ASN00029004,325.041
USC00218419,98.724045
USC00344573,204.70412
USC00388114,219.56233
USC00202094,8.971831
ASN00017024,275.63388
USC00321871,88.16527
USC00472839,122.80875
USC00215392,52.770493
USC00411017,225.4918
USC00011324,240.30028
USC00275880,137.90164
USC00220730,213.20494
CA006111793,118.525375
CA006131388,132.04645
USC00091488,233.70718
USC00045532,235.41257
USC00264349,192.45628
CA004045660,4.9577465
USC00044208,134.2889
USC00229101,239.81894
USC00472822,94.41899
USC00454154,196.13165
USC00306224,132.97815
USC00057513,155.94843
USC00517421,287.32318
UPM00033846,118.87978
USC00438905,109.673134
USC00481770,129.05307
USC00095874,230.21039
USC00300937,129.9315
CA001146870,94.349724
CA006043930,74.27869
USC00101395,38.07627
CA004071960,-213.7742
USC00478110,116.88439
USC00058839,174.83662
USC00454169,180.17455
CA003072145,76.97175
USC00359604,149.16528
USC00033553,241.65428
UPM00033837,120.95355
USC00364190,172.61476
CA005012540,88.5765
USC00053146,170.59105
USC00442155,175.96703
USC00425610,177.80939
USC00291901,264.15918
USC00359616,144.29362
USC00160555,250.83836
USC00488385,73.30601
USC00241686,79.81967
USC00422592,131.59016
USC00315177,234.07104
USC00476398,107.411766
USC00253660,157.40164
USC00125322,180.17897
USC00425607,136.07222
CA005012520,122.53232
USC00241692,129.81593
USC00487045,99.01644
USC00240364,137.22253
USC00101380,166.25684
USC00095882,249.89041
USC00238051,183.2541
USC00394834,114.15301
ASN00040214,266.89343
USC00423056,122.8022
ITE00100554,171.04918
USC00155148,177.51642
ITE00100550,165.01366
USC00236233,183.81694
RQC00664910,299.56012
CA006100226,122.66871
USC00411073,269.5452
USC00254900,157.46005
CA005022790,78.091446
USC00103942,129.66667
USC00282130,-61.580647
USC00323686,107.52096
USC00365404,178.98596
USC00028162,173.87679
USC00459012,133.53735
USC00483595,82.31657
USC00461328,207.95706
USC00311695,203.24863
USC00415429,260.17212
USC00291080,184.5601
USC00053113,75.97541
USC00335664,146.47267
USC00424375,196.734
USC00042458,298.08334
USW00013777,172.63388
USC00118199,143.32417
CA005040675,67.2377
USC00216612,94.724045
USC00510832,248.22067
CA006169110,76.259705
USC00097600,222.0137
USW00013780,195.83879
CA00301AR54,71.44536
USC00204660,133.1922
USC00093271,218.15846
USC00127935,185.31967
USC00470265,116.59615
USW00013782,224.42622
USC00311677,221.2997
USC00419800,246.37158
GM000002716,124.27869
USC00143175,51.01613
USC00134228,141.9726
USC00398307,138.33888
USC00115901,136.7705
USC00428771,143.55191
USC00021511,199.39345
USC00260795,174.14206
USC00461319,217.86171
USC00190360,146.68579
USC00301401,115.955925
USC00140911,76.083336
USC00416794,229.2822
USC00451992,137.43062
USC00298501,182.75957
ASN00008151,249.61096
USC00475948,119.23416
USC00110203,128.58743
CA008403635,-13.457627
USC00508503,97.25
USC00147542,237.41898
USC00353445,186.90164
USC00248207,146.91803
USC00203337,124.54918
USC00482235,95.1264
USC00331278,142.95924
CA001168220,136.5
USC00258480,153.25137
USC00428705,154.3699
GM000010393,119.00546
USC00318292,218.14835
USC00475932,114.66393
ASN00030045,339.9235
USC00413691,247.86827
USC00109294,161.61493
CA004043888,148.20482
USC00055730,133.39345
USC00311655,224.61917
USC00194711,146.9178
CA007028120,92.88187
USC00391739,119.166664
USC00242950,57.7863
CA001123360,132.8825
USC00357814,154.3825
USC00098985,254.94118
USC00203362,138.0248
USC00397047,127.62363
USC00123527,157.53552
USC00292384,202.66203
CA007030447,40.081966
USC00411034,263.03552
USC00055722,170.13934
USC00470239,99.251366
USC00236294,195.0554
USC00043747,234.02083
USC00508525,0.11666667
USC00098974,265.1589
USC00202028,96.97591
USC00510840,260.63663
USC00161807,254.22131
USC00182700,175.26503
USC00042402,185.24109
USC00324958,88.61539
USC00458579,167.09836
USC00124867,160.4752
USC00320590,113.10989
USC00055717,169.80602
USC00323621,95.54645
USC00029420,245.94809
USC00291063,189.43259
USC00411048,250.49727
USC00049043,132.31421
USC00353471,178.65541
USC00144464,183.19832
USC00115943,174.2685
USC00188000,194.07123
USC00135517,157.05464
USW00023154,176.87143
USW00023157,197.0885
USC00016121,219.78688
ASN00030018,328.09863
USC00064767,148.6175
USC00123547,154.39276
USC00402108,203.24786
USC00040693,182.96175
USC00404771,192.00934
USC00357848,131.2623
USC00450628,87.064514
USC00096335,217.5726
CA001123390,55.822403
USC00423032,156.99039
USC00203379,132.16992
USC00394007,148.11813
USC00405108,205.65027
USW00093958,168.75137
USC00106257,137.06462
USC00304529,122.450745
USC00397992,138.69421
USW00093950,234.47815
USC00189435,164.09897
USC00420738,191.57143
USC00145856,171.64754
USC00348110,212.47253
USC00420730,176.17151
USC00112931,184.74043
USC00208159,94.68219
USC00369050,166.6776
USC00489615,136.6411
USC00336118,155.72404
USC00333085,143.46176
USC00349445,230.55357
USC00291018,153.67409
USC00418433,235.45355
USC00387722,231.04109
GM000001474,122.8388
USC00208172,120.87363
USW00093963,170.25957
USC00478951,123.42735
USC00519253,274.22952
USC00300183,124.87088
USC00088737,261.94812
USC00342818,229.16148
USC00144530,189.93443
USC00351765,133.12569
USC00338769,153.27873
USC00466982,183.14754
CA006105976,100.6776
USC00131233,135.72678
USC00418445,264.55466
USC00047296,236.23099
USW00093972,167.27672
USC00214861,113.72839
USC00118219,172.7295
USC00461260,167.28134
USC00080804,297.0303
USC00243389,72.57534
USC00145870,197.67213
USC00284735,155.23056
AU000016402,124.30601
USC00465621,173.6175
CA001030180,150.3825
USC00473242,118.81148
USC00478937,121.5
CA001127798,125.29781
USC00084393,249.24382
USC00088754,237.54645
USC00342836,235.67697
USC00396650,186.7608
USC00300159,125.71038
USC00414093,234.45901
USW00093986,221.01111
USC00414098,140.28926
USC00198367,139.79178
USW00093987,256.17487
USC00100920,98.60109
USC00222477,233.65982
USC00519231,296.8237
USC00417116,200.69672
USC00144559,171.50958
FI000007501,19.342619
USW00093990,187.93443
USC00418449,254.36145
USC00409502,208.13736
CA003020120,101.117485
USC00338746,163.52287
USC00258465,-9.356164
USC00513977,252.13081
USC00088786,269.58197
USC00251825,153.59505
USC00342849,231.51495
USC00200230,128.71585
USC00334378,163.73538
USC00428672,149.23264
USC00087440,270.77246
USC00326743,110.78977
CA004013280,49.97231
USC00153430,192.5427
GM000003218,130.29234
USC00189405,185.5847
USC00478919,112.65574
USC00059243,170.75957
USC00178721,21.466667
CA001060840,131.94809
USC00473214,124.54821
USC00237506,190.2163
USC00474546,124.526764
USC00461220,174.8306
CA004016320,74.31421
USC00482160,80.360504
USC00440327,189.83836
CA006059475,37.39927
USC00173046,136.60382
CA002201500,-14.879782
USC00394037,117.41066
USC00121882,172.17487
USC00246470,128.38383
USC00026320,206.79332
USW00013872,178.0765
USC00301442,135.30328
USC00247796,121.03552
USC00302780,136.25137
USC00483485,156.68373
CA004016330,59.588234
USC00041945,220.2358
USC00013024,229.93646
USC00255310,176.03683
USC00368596,151.7459
USC00360634,167.13661
USC00307633,149.06557
ASN00078031,215.96448
USC00410538,284.3009
USC00481730,134.40462
USC00127125,177.78142
USC00129789,169.36066
USC00048557,215.54645
USC00417182,260.01913
USC00515721,313.82996
USC00205065,113.1875
USC00423842,148.72404
USC00336196,150.52185
USC00456784,120.4955
USC00303289,132.29863
USC00116446,144.60661
USC00092839,244.15846
ASN00038003,322.8139
USC00411875,269.23224
ASN00026020,189.63835
USC00444779,164.56537
FR000007150,153.0082
USC00511370,223.50566
ASN00026026,178.55191
ASN00066062,213.57924
USC00394864,94.8877
USC00231321,210.43922
CA003035220,115.59659
CA001176750,119.26776
USC00108818,111.10656
USC00048544,199.15573
USC00294936,173.87704
USW00053875,202.05191
USC00381588,215.95555
USC00141435,201.46153
USC00308944,96.580154
USC00488340,104.737
USC00411885,257.91788
USC00411888,265.42078
USC00308949,146.69041
USC00041912,190.11845
USC00392207,129.35246
USC00464378,177.93716
USC00512679,238.31233
USC00130793,143.3952
USC00150389,195.4137
USC00489670,98.133606
USC00293615,231.17316
USC00024586,174.10382
USC00139132,147.90137
USC00456763,215.62935
USC00357007,122.83446
USC00330862,143.07378
USC00080875,196.58
USC00489660,23.068966
USC00357000,142.74167
USC00421214,158.04886
USC00410569,276.66287
USC00231383,195.56284
USC00432769,117.82873
USC00049855,206.07521
USC00050848,182.6858
USC00290512,179.65027
USC00214806,88.03825
USC00095915,186.31868
AGE00135039,211.55737
ASN00091049,182.5082
USC00324178,73.17284
USC00195246,139.04372
USC00138693,150.25073
USC00475017,103.928764
USC00452376,70.548386
USC00100915,132.87978
USC00217087,151.82857
USC00138688,148.78297
USC00125381,177.66545
USC00049847,235.88043
USC00476330,122.81096
ASN00091057,156.31421
USC00116492,138.12602
USC00044156,194.83879
ASN00014016,326.00275
USC00423809,139.65027
USC00420788,219.14598
CA005011293,60.99449
USC00429111,152.30328
USC00488315,87.56284
CA003023280,95.97541
USC00048502,194.76776
USC00231364,221.30602
USC00346386,218.78961
USC00385954,228.84973
USC00325492,99.09471
CA004055080,57.150272
CA004035480,155.96735
USC00162334,215.03755
CA001108465,135.11201
USC00345063,265.38562
USC00466991,161.94766
USC00130753,155.03583
USC00154703,180.69125
USC00510055,254.08333
USC00229079,139.49411
USC00357052,152.05556
UK000003026,104.87431
USC00478971,112.36034
USC00349422,214.49454
USC00304555,74.13115
USC00136062,161.48634
USC00358380,39.084747
USC00141408,173.21039
USC00363711,155.0601
USC00108850,186.30875
ASN00002011,341.9481
USC00405187,212.03021
USC00465672,158.89398
USC00092685,213.31529
USC00364276,170.92033
USC00106930,103.38323
USC00127875,180.86703
USC00252205,152.69945
USC00412430,277.35834
USC00335708,159.98907
USC00242871,129.09563
CA007080452,92.98175
USC00401790,198.92896
USC00483630,65.90636
USC00118916,146.3978
USC00055015,148.8077
ASN00009534,229.10928
USC00407099,216.16574
CA001116084,129.52185
USC00103894,182.31593
USC00291813,172.89618
USC00462709,183.47815
USC00308104,133.57265
USC00294089,235.0
USC00012758,245.29231
UPM00033999,80.75956
ASN00009541,214.5869
USC00412444,251.09944
USC00110187,189.06956
CA003023055,99.736984
USC00515575,272.2853
USC00241552,140.23756
USC00242886,47.126762
USC00270090,108.644806
USC00469333,248.53731
USC00206300,139.43169
CA001038240,93.55464
USC00450729,140.52328
CA007080468,100.57377
USC00048702,171.31148
USC00343353,235.92076
USC00125237,187.04645
USC00090041,210.76439
USC00478267,94.49454
USC00032356,215.40274
ASN00009510,231.93425
USC00306368,141.10698
USC00057656,85.82143
USC00354003,157.38292
USC00172426,93.78416
CA005041800,53.51695
ASN00009518,198.19125
USC00294093,234.43835
RSM00027595,80.11202
USC00205000,95.96995
USC00101217,155.28847
USC00411133,272.73962
USC00480570,33.675
USC00411138,259.33884
USC00390559,142.49727
USC00333971,193.16394
USC00181385,190.89214
CA001145430,126.03825
USC00392302,124.755486
USC00218323,243.61185
USC00122149,159.82549
USC00012727,223.02185
USC00068138,140.07143
USC00273177,139.00546
USC00056306,157.09041
USC00514272,280.53992
USC00041288,289.29507
CA003032800,132.44257
USC00454286,160.7096
USC00306365,126.18033
CA006144505,127.65574
USC00113257,129.39072
USC00413734,245.57222
USC00355362,170.50273
USC00146115,195.84573
CA001031650,133.71039
ASN00009500,198.57104
USC00021664,214.68956
USC00425733,199.37978
USC00207690,111.22131
USC00057618,141.65384
USW00093134,227.99403
CA005020036,83.73351
USC00233940,201.79507
USC00046960,252.72728
USC00134142,122.41918
USC00355375,159.2562
USC00327270,112.8338
USC00146128,181.2541
USC00298416,184.1105
USC00480540,152.0625
USC00358407,189.20987
USC00018024,228.60497
USC00253540,160.41917
USC00205043,105.14045
USC00466250,183.42896
USW00093145,298.3798
USC00058931,144.84314
UPM00033976,141.74104
USC00299754,146.62886
USC00115893,170.33699
USC00355384,171.0246
USC00300208,127.38904
USC00385130,217.60109
USC00201492,107.12885
USC00212142,98.55617
USC00322472,-40.904762
USC00321144,84.71375
USC00275712,143.3224
USC00485410,117.58806
CA006108060,91.57923
USC00193304,228.91911
USC00201484,91.2623
USC00258395,168.10684
USC00167001,244.5765
USW00013891,194.90437
USC00045602,253.37898
USC00427525,159.34427
USC00452505,158.46721
USC00226780,245.43956
USC00221094,243.53972
UPM00033910,123.52186
USC00378820,95.94203
UPM00033915,148.5929
USC00250420,147.79167
USC00330083,155.32513
USC00111436,163.66116
USC00260688,213.5041
USC00042568,288.9339
USC00364219,161.1726
CA008300438,117.62044
USC00161729,253.22131
CA001105550,139.09836
RSM00032098,25.699453
ASN00010579,228.5847
USC00134101,140.20218
UPM00033946,160.76923
USC00136766,111.404434
USC00257040,167.64754
USC00233079,183.13762
USC00021634,181.11539
USC00473405,121.989075
CA002201700,-1.6530055
USC00414254,257.74863
USC00295353,180.31421
USC00415579,226.25754
USC00456096,133.13115
USC00486715,55.844696
USC00335750,145.32054
CA006133047,126.06011
USC00335752,151.70218
USC00030582,224.87637
USC00317089,221.19945
USC00340260,227.17213
USC00043875,225.53448
USC00423138,159.06987
USC00228530,247.64754
USW00093992,226.24863
USW00093994,162.13388
CA008202198,114.5765
USC00191561,135.92896
USC00397150,127.90685
USC00216547,98.407104
USC00224168,198.62569
ASN00063004,218.48468
USC00353570,157.3077
USC00469368,145.41599
USC00115846,165.93074
RSM00032071,71.3
USC00402202,212.52287
USC00136719,132.80273
USC00423122,57.285713
USC00229850,231.77869
USC00262431,215.95062
USC00254812,164.73279
USC00340277,224.08034
USC00143008,176.44225
CA005010640,179.27322
USC00049173,223.42622
ASN00009581,205.89891
USC00042539,190.58197
USC00115833,144.57378
USC00208920,85.20659
USC00284653,145.08173
USC00428847,165.4935
USC00237465,188.66557
USC00427516,243.50447
CA006121025,101.649315
USC00382917,230.5073
CA003017280,161.24692
USC00216565,123.78962
USC00456039,155.21739
USC00250435,169.8901
USW00023271,211.87978
USC00296630,199.86905
CA006164198,124.64045
USC00470349,100.66576
CA008300400,95.39071
MOE00147755,231.7765
USC00357955,131.72528
MOE00147752,221.0
USC00115825,170.06587
USC00317079,207.1175
USC00323736,90.457535
USC00340292,226.07164
RSM00032061,54.12757
USC00250445,123.361115
USC00398472,149.84973
TX000038763,225.23512
USC00257070,178.57924
USC00356634,176.61476
USC00311760,210.81421
USC00042500,191.16667
USC00303319,115.40164
USC00395456,132.44505
USC00211691,115.77869
USC00121772,178.25691
USC00325588,83.11209
ROE00100901,163.20218
ROE00100900,164.99701
USC00016218,233.92561
ROE00100903,164.52185
USC00414182,271.739
ROE00100905,161.12842
GM000002698,139.03825
USC00177330,107.03825
ROE00100904,151.48634
USC00192975,154.71312
USC00383468,233.24316
UK000000000,129.56557
USC00144401,195.89635
USC00411903,263.48343
USC00472050,125.44658
USC00030528,225.90808
USC00049122,221.70766
USC00504092,98.952774
USC00325573,21.383562
USC00145744,192.57808
USW00079762,174.44809
USC00357189,149.1218
USC00305987,131.24243
USC00115079,164.82513
USC00051440,141.0289
USC00050109,99.125
USC00281582,153.39394
USC00391076,129.32513
USC00256585,181.19728
CA006061870,88.78962
USC00342944,204.17143
USC00418566,235.15846
USC00366914,170.29315
USC00018859,249.19008
USC00084289,264.11508
USC00213411,75.91369
USC00234317,189.55556
USC00459077,136.41573
USC00191622,140.0929
USC00165365,253.4071
USC00164034,257.2459
USC00256570,170.19945
USC00477725,114.47075
USC00338870,155.29411
USC00046074,203.71858
USC00031838,216.90634
USC00297930,197.72702
USC00246302,102.75358
USC00248964,138.83899
USC00200108,151.7796
USC00226718,235.11662
USC00485345,63.565575
USC00516082,288.38974
NLE00100542,142.56284
USC00238733,201.52472
USC00046065,207.15573
USC00205803,124.51136
USC00245020,1.862069
USC00375882,158.33333
USC00486660,128.8224
CYE00100074,264.2459
MX000010009,306.4011
NLE00100530,124.66393
CA002201600,-72.05993
ASN00023000,222.15027
USW00013976,258.1175
AU000006306,122.36339
USC00324203,107.54372
USC00121747,168.80055
USC00267284,110.25444
USC00205816,87.83562
USC00118147,185.16853
USC00420820,22.4
USC00051401,161.28375
USC00106174,165.9918
USC00238712,198.00896
USC00472001,135.7863
CA007061440,79.33442
USC00326857,100.60929
USC00406534,200.79355
CA006148100,50.855556
USW00013984,172.71585
USC00213455,92.62569
USW00013981,197.18852
USW00013980,206.81967
USC00201468,113.11173
CA006158350,117.85246
USC00294850,168.17534
USC00465705,175.10109
USC00166657,250.55432
USC00142686,192.12791
USW00013977,236.75957
USC00338830,177.5765
AM000037789,318.25806
USC00013151,219.22404
USC00312200,198.05556
CA006105887,92.931694
USC00342993,239.55658
USC00385200,315.9836
USC00348299,226.60345
USC00322482,112.15069
USC00395481,184.41379
USC00340332,48.555557
USC00238725,172.76712
USW00013991,173.28162
USC00288194,169.73224
CA006158363,108.34699
USC00047370,198.1448
USC00245015,137.61096
USC00293533,186.16528
USC00305925,119.34153
USC00106152,131.30411
USC00407884,199.72528
USC00201476,129.40822
USC00338822,140.83836
USC00200146,119.12022
USC00460918,175.42265
USC00475178,117.36364
USC00314055,166.06345
USC00407007,214.6548
USC00366055,125.84066
USC00456894,199.0
USC00360753,150.6169
USC00143954,201.54372
USC00142622,179.28143
USC00512570,271.01993
USC00396712,128.2562
USC00475164,114.77747
CA007056067,56.210384
USC00423968,215.02754
USC00196486,131.57382
USC00302079,123.40437
USC00326025,103.0
USC00431580,85.018585
USC00027751,306.54355
USC00023393,318.13947
DA000025140,103.37978
USC00188877,156.64157
USC00504929,90.01644
USC00243210,145.7514
USC00218243,90.59836
USC00211630,91.03825
CA002202100,22.219177
NLE00100526,122.61475
USC00121719,154.6448
USC00315356,195.52083
USC00366068,150.03305
CA008204700,91.8388
CA007011170,74.18579
CA004046200,66.8224
USC00127028,135.847
USC00224939,245.67769
NLE00100514,115.669395
USC00326007,99.35897
USC00143989,182.36066
USC00466207,169.89386
USC00484095,123.76033
USC00274399,137.37978
CA006139265,118.12577
USC00354098,200.76341
USC00223605,230.66394
USC00244522,74.479454
USC00339312,147.8306
USC00519195,281.9481
USC00129690,150.4399
USC00315340,200.67487
USC00130600,147.19125
USC00366098,-46.29032
USC00418583,220.79507
USC00442208,190.63388
USC00140883,168.73224
USC00489770,139.24931
USC00410611,261.8552
USC00224966,254.9582
USC00056266,163.29044
USC00317994,248.31046
USC00130612,127.14246
USC00151531,182.863
USC00047306,244.0
USC00027716,211.51163
CA001018610,141.07439
USC00475120,4.7222223
USC00395421,26.903225
USC00304698,174.59782
USC00456864,162.57895
USC00044274,144.72404
USC00143921,187.82787
USC00056258,147.17857
USC00307728,125.300545
USC00487105,119.12569
LEE00147737,221.50546
USC00167905,252.53825
USC00357160,163.8338
USC00484065,144.5403
USC00330950,82.96722
USC00142602,169.83481
USC00244558,114.13115
USC00240199,110.52925
USC00317974,228.94843
USC00410639,267.30054
USC00044259,318.98047
USC00104369,182.90137
USC00131962,140.27197
USC00297060,217.26797
USC00342912,215.0601
CE000043497,307.05737
USC00384753,237.7295
USC00444876,189.12296
USC00248927,109.13388
USC00503655,23.724043
USC00298387,239.23009
USC00297054,231.02849
USC00351862,160.17406
USC00045338,244.2623
USC00127755,176.44505
USC00215136,-59.867348
USC00021361,234.23027
USC00110072,148.43132
USC00329155,80.90476
USC00099194,242.67213
USC00058649,90.87088
USC00250375,155.93443
USC00332791,152.8224
USC00093899,226.5246
USC00168295,274.53333
USC00115768,156.3544
USC00113109,164.91925
USC00364385,164.5055
USC00323836,202.1854
USC00457478,136.97815
CA006107003,103.431694
USC00347820,198.03192
USC00042294,233.93169
USC00230789,197.65027
USC00134052,133.69398
USC00298324,196.38904
USC00099186,255.7726
USW00026438,75.338844
USC00502586,67.15301
CA003022083,110.84699
USC00227106,212.45753
USC00356779,122.23333
USC00227141,226.22223
USC00103760,192.34982
RSM00031961,115.90511
USC00125117,164.38017
USC00458773,169.9399
USC00411250,277.86066
CA004016080,87.117485
USC00134063,139.55556
USC00309516,132.20493
USC00453095,150.59836
USC00310506,150.7705
USC00297008,221.25777
USC00110055,182.51093
CA006142284,105.61202
CA003060352,91.016396
USC00047965,209.62022
USC00229793,240.81967
ASN00015087,324.16293
USC00227132,238.05191
USC00237397,182.83333
USC00456123,162.7541
ASN00039039,290.9071
USC00216479,109.26667
CA001133300,158.4486
USC00164700,250.7705
USC00415618,239.68785
GM000010962,89.21311
USC00469436,102.644066
USC00343497,214.19398
USC00047957,223.34973
USC00212904,107.89344
USC00218204,120.38904
USC00425837,146.33527
USC00424508,195.81493
USC00047950,188.10826
USC00232511,198.49162
USC00241460,131.6923
USC00296572,167.13976
USC00221852,156.48387
USC00220523,296.37704
USC00391102,222.31818
USC00456109,163.10109
USC00022669,267.42624
CA001145300,134.45752
USC00220519,243.47803
USC00254775,173.67213
ASN00039015,266.84973
USC00399070,105.09314
USC00425826,185.34975
USC00047940,226.80515
USC00329100,119.5072
USC00354153,59.5
USC00102490,170.79562
USC00054234,129.49576
USC00478349,79.26822
USC00021306,321.03473
USC00252100,174.91185
USC00262387,152.84688
USC00424527,113.70968
RSM00037228,135.11389
USC00419176,211.40984
USC00043571,182.62022
USC00221870,228.92877
USC00444128,155.93889
USC00029271,213.92656
CA008206490,100.489075
USC00420157,191.24355
ASN00076077,244.68231
USC00174927,109.431694
USC00022648,213.57417
NG000001090,370.24152
USC00021314,287.87158
USC00042239,153.96591
CA002100200,49.254097
USC00425847,160.49568
USC00232503,229.78105
USC00127747,149.96448
USC00253425,141.77716
USC00044890,265.13513
USC00399042,125.42105
USC00114442,165.05754
USC00029287,305.8919
USC00031596,210.32143
CA006163156,106.47541
USC00413873,260.1858
USC00242783,138.57703
USC00194525,162.80882
USC00212916,85.47268
USC00295273,170.73225
USC00480655,110.685394
USC00357208,172.2087
USC00183880,175.64658
USC00148670,223.14589
USC00044884,238.25957
USC00098703,216.54938
USC00182523,183.36612
USC00047912,219.75684
USC00334581,25.813187
USC00300321,130.01366
USC00481175,141.3194
USC00297867,210.58167
USC00224001,-144.0
USC00137955,152.75891
USC00183850,185.62296
USC00047916,209.61671
USC00200032,144.42896
USC00201363,123.57613
USC00341684,223.05882
USC00428973,104.67742
RSM00031915,91.77869
AU000005010,108.775955
USC00047902,203.78688
USC00124657,142.97238
USC00485520,-17.179775
USC00011940,231.847
USC00461575,195.09836
USC00264935,260.78262
USC00124662,151.58197
USC00300300,142.73497
USC00035908,233.98892
USC00472209,110.13408
USC00137979,127.795456
CA008100990,97.669395
USC00486845,77.60313
USC00334551,144.36592
USC00402385,212.7541
USC00447275,181.74445
CA004056920,58.046703
GG000037545,189.5929
RQC00664702,323.45673
CA008206440,113.37158
USC00459238,148.42465
USC00081046,281.66666
USC00190120,143.0601
RSM00034163,90.2623
USC00030220,222.9423
USC00313628,199.46448
USC00418728,264.03592
USC00056832,191.16667
USC00398552,147.99724
USC00147305,202.06575
USC00452609,147.94339
USC00391972,181.0462
USC00363028,147.34154
USC00292139,110.02096
RSM00034139,86.39617
USC00473511,104.88256
GM000003865,121.07104
USC00189115,171.71143
USC00145539,188.10796
USC00191447,152.80328
USC00412598,253.80055
USC00141179,170.77534
USC00329195,108.46429
USC00098740,209.19398
DA000032030,96.21038
USC00450882,140.7541
GM000010147,117.05191
USC00424575,150.07103
USC00103732,142.69398
USC00397287,145.9422
USC00456188,198.03654
USC00103734,126.1339
USC00102405,146.3266
USC00314938,216.58606
USC00355400,179.73529
CA006158660,104.61202
USC00225366,230.11327
USC00134894,150.85793
USC00352371,143.58743
USC00112687,167.84958
USC00115712,166.25378
USC00051121,163.16121
USC00208800,90.073616
USC00344766,197.25957
CA006119064,98.81148
CA006073138,80.357925
CA008206410,109.14754
RSM00034110,87.18862
USC00276944,117.55191
USC00474829,99.46448
USC00351050,171.35977
RSM00031088,-5.2737226
USC00225397,243.62637
USC00052446,193.27132
CA005030200,-19.194656
USC00322525,-33.62931
USC00198046,152.35083
USC00317197,215.14247
USC00469483,177.16667
USC00264950,179.13115
CA004028035,91.60929
USC00093060,222.92157
USC00061499,145.59065
USC00133584,133.92877
ASN00052026,274.0492
USC00441929,200.32835
USC00248008,94.431694
USC00461515,169.23958
USC00052432,157.26724
USW00026410,85.35246
USC00259510,168.47815
CA004047240,75.67217
USC00235541,171.07104
USC00133632,141.50958
USC00047077,272.08334
USC00361324,146.8
USC00203947,126.25824
USC00260507,139.05367
USC00429320,145.4478
USC00041779,244.29411
RQC00665175,310.57376
USC00311055,199.28206
USC00472173,135.23755
USC00359011,157.04643
USC00120334,143.27841
USC00234226,204.82425
USC00027475,203.09782
CA006139520,125.28142
PO000008535,192.87978
USC00417336,218.28961
USC00040439,256.94345
USC00068906,158.1175
USC00028778,217.75287
USC00026116,213.51724
USC00264086,150.68657
USC00300386,124.41873
USC00027440,169.20766
USC00294770,222.43382
PO000008549,193.81694
CA006159122,99.21038
BKM00014654,136.43169
USC00065892,153.81967
BKM00014652,24.693989
USC00369298,141.92076
USC00476518,105.56425
USC00395561,140.38524
USC00341747,215.17049
USC00362662,160.00275
USC00040410,258.66394
USC00418692,199.04987
USC00451233,155.35246
USC00027460,279.09225
USC00028792,193.3552
USC00463215,184.92
CA007025280,92.80601
USC00144313,197.40984
USC00382260,232.95695
USC00104295,169.37376
USC00350694,164.61661
CA006047627,69.08964
USC00166561,187.21312
USC00511557,251.6875
USC00427576,138.55833
USC00337650,137.05531
USC00041731,219.0
USC00473471,123.54017
CA004053960,74.97541
CA008205988,107.5755
USC00365726,158.08743
USC00049699,240.18306
USC00294719,200.67978
CA007050200,41.677597
USC00444909,178.137
USC00142541,184.7541
CA004013030,71.27794
USC00273850,126.382515
USC00352406,173.83606
USC00353737,146.26804
USC00188780,195.6
USC00359038,154.91061
USC00162151,258.46262
USC00112736,142.18182
USC00407979,195.0679
USC00130576,157.77869
USC00027435,168.15578
FR000007747,189.9071
USC00048353,209.1694
USC00304731,120.34153
USC00087205,273.30054
USC00325660,112.459015
USC00459183,175.32335
USC00294722,191.5291
USC00107386,128.95082
USC00192806,140.09563
USC00234271,176.01639
USC00203991,100.21508
USC00477810,123.14754
USC00119354,172.01381
USC00300343,140.71213
USC00340445,218.5765
USC00321288,99.74844
USC00165207,261.21857
USC00398622,153.53314
USC00041715,245.63661
USC00079600,187.7535
USC00202674,98.736984
USC00179826,133.1511
USC00240926,-40.48387
USC00084198,290.3943
USC00214652,94.95628
USC00247560,115.841095
USC00243195,139.63934
USC00142574,196.6842
USC00359068,168.92516
USC00440551,116.23418
USC00392468,126.96902
USC00346562,203.98634
USC00117551,159.43013
USC00265352,180.62192
USC00143837,181.09917
USC00291647,189.30556
USC00152791,209.1082
USC00137161,146.653
USC00455686,181.46028
CA001143617,118.16038
USC00270703,102.87431
USC00358545,182.00273
USC00183050,162.22466
USC00442368,208.58356
USC00245740,136.50276
USC00093936,223.63388
USC00240056,114.15301
USC00150122,180.13115
USC00206156,103.06648
USC00349609,213.66667
USC00253365,177.34402
USC00307895,142.3416
USC00306557,120.934425
USC00326155,120.59836
USC00106891,167.03279
USC00200840,196.55446
USC00150155,176.76602
USC00129557,146.95901
USC00454338,160.22466
USC00051959,84.782234
USC00455669,125.0847
USC00393775,149.80057
USC00252020,160.51396
USC00206164,118.28689
USC00253355,112.17949
ASN00048030,257.7213
RSM00028275,34.628414
USC00257715,158.94986
CA008502875,14.027323
USC00456995,155.06987
USC00016719,242.3771
USC00143855,158.06044
USC00306524,133.6022
CA008103100,102.99454
USC00167825,261.2254
USC00081978,313.86853
USC00291664,134.46448
USC00224824,229.27322
USC00421440,-107.96774
USC00318500,222.92265
USC00349629,218.93163
USC00131889,160.75294
USC00206171,126.641975
CA003031093,103.10383
USC00476594,119.264465
USC00425805,135.37227
USC00455670,145.20059
USC00514617,264.92624
MX000011064,194.9256
USC00328792,94.314606
USC00200864,131.5082
AU000005901,122.72131
SP000009981,210.46448
USC00129570,138.49863
USC00395536,119.49862
USC00394206,133.16292
USC00475255,107.357925
USC00206189,105.26028
ASN00048013,276.82788
USC00480605,101.251465
USC00456974,132.64188
EG000062417,294.7965
USC00134087,140.60382
ASN00036030,316.347
USC00243127,128.90685
USC00409752,208.75882
USC00514670,256.08035
USC00220488,219.847
USC00108626,153.96721
USC00454328,153.31856
USC00049604,215.15573
USC00455656,191.44505
CA004048520,66.87158
USC00395544,150.5442
ASN00012074,266.79236
USC00291615,84.065216
USC00051928,110.52549
USC00014976,136.05289
USC00188715,168.2623
USC00489880,148.3664
USC00422721,161.16766
USC00108630,109.021736
USC00243139,135.88358
USC00514680,244.58449
USC00146076,7.125
USC00350631,100.807945
USC00131833,143.51967
USC00025627,287.9408
USC00253394,159.12296
USC00253396,158.58197
USC00252065,224.1028
USC00108610,159.42064
USC00477892,108.26934
USC00045231,142.1694
USC00197643,219.04445
USC00264040,252.67192
USC00475236,120.4903
USC00303452,126.97268
USC00362633,138.7377
USC00047894,249.90549
USC00143810,165.96986
ASN00012039,268.42624
USC00304791,115.06284
USC00245761,122.13661
CA001096600,114.87978
USC00034572,205.43407
USC00033242,212.6523
USC00130513,144.25415
USC00335041,165.39345
USC00303468,138.40443
USC00099291,228.6448
GM000003038,117.57923
USC00451276,167.29782
USC00143822,182.44768
USC00203932,21.068966
USC00467614,183.34154
USC00341706,222.86339
USC00137147,127.55191
USC00243113,130.4235
USC00291630,151.38799
MX000011028,256.7148
USC00351986,137.93698
USC00514660,239.84973
USC00205690,92.945206
USC00393832,140.16713
USC00288878,196.68788
GM000004199,123.508194
USC00423335,152.25697
CA006110549,95.88798
USC00020159,167.60785
USC00470565,106.058014
USC00323963,80.6612
USC00033466,228.72652
USC00356883,127.664474
CA006117186,93.224045
USC00411348,251.02695
USC00412679,283.72678
USC00423320,153.7555
USC00148563,91.22581
USC00127646,160.69014
USC00045449,162.76776
CA001142112,122.95628
RSM00028224,-123.02128
USC00160205,249.69398
USC00380506,226.35246
USC00111280,179.76099
USC00230668,189.32571
USC00057428,149.47945
USC00208725,135.01366
USC00450969,110.751366
CA001200560,49.47268
USC00168163,236.7675
USC00251590,182.54515
USC00366234,162.78703
USC00102310,163.4548
USC00366233,133.8092
USC00427714,169.95628
USC00041072,56.035088
USC00346629,214.18233
USC00203051,117.97253
USC00288899,167.2541
USC00022797,149.88524
USC00471875,94.25275
CA006051027,96.28962
USC00309640,183.75273
USC00080478,281.09314
USC00518805,287.8142
USC00161560,241.06557
USC00412695,200.35417
USC00310626,212.03893
USC00111265,197.52185
USC00183795,146.153
USC00483855,108.85542
CA004012600,87.357925
USC00103631,188.53552
USC00147271,190.89891
USC00346638,263.5476
USC00092450,131.79518
USC00323936,57.742474
USC00221707,218.70995
USC00489150,22.625
USC00255925,156.29494
USC00462920,180.77596
RSM00026477,75.76503
USC00255990,157.11581
USC00042389,224.22404
USC00228374,229.14165
USC00148535,182.03688
USC00510905,257.20892
USC00042380,229.9533
USC00419275,265.02554
USC00380559,224.11246
USC00013816,237.52486
RSM00037123,109.19512
USC00329233,106.7987
USC00034756,213.18306
USC00296458,169.51308
USC00168136,229.74751
USC00053038,166.10684
CA007043000,39.02459
USC00292093,171.71585
USC00331541,149.58127
CA001142160,152.00467
USC00075915,186.5467
USC00092475,198.93698
USC00366246,167.60298
USC00041048,285.9394
USC00046730,245.10655
CA005010485,75.87123
USC00182450,150.48485
USC00242689,129.03581
USC00344001,234.97534
USC00203096,104.77869
USC00082220,257.56967
USC00042362,190.20766
USC00305235,158.8306
USC00135230,122.80548
USC00295147,210.83333
USC00082229,276.40442
USC00346670,231.8844
USC00136566,166.05438
USC00412655,251.46979
USC00471836,193.39674
USC00243984,145.02687
USC00393857,149.4153
CA002202398,11.991803
USC00148549,190.24663
USC00344019,206.89189
USC00413992,239.85205
CA001053645,115.95082
USC00046719,236.89072
USC00338148,169.75346
USC00053005,141.3863
USC00324418,101.30601
USC00401145,175.82909
USC00446054,198.62296
USC00360076,151.05788
USC00156115,58.903225
USC00252840,155.91232
USC00133473,151.7705
USC00104910,-25.625
USC00051294,182.19672
USC00352440,160.02396
ASN00033001,295.07224
USC00434075,173.81615
USC00353770,140.44475
USC00459376,144.42424
KZ000035746,218.41759
CA006113660,94.986336
USC00246157,123.398895
GMW00035032,137.68033
USC00333362,141.5041
USC00095555,242.41873
USC00165065,235.27596
USC00205601,139.56831
USC00042334,161.60382
USC00365752,148.0221
USC00043666,179.33443
USC00044997,233.24576
USC00210195,94.15574
USC00402489,206.02747
USC00120177,155.15935
USC00133487,137.06158
ASN00008050,244.10928
USC00440737,111.08219
USC00325730,96.21429
USC00215887,122.68306
CA007016280,79.10656
USC00137844,148.84477
USC00145463,190.85246
AU000011801,132.93443
USC00017366,241.1694
UK000056225,136.03552
USC00125873,166.07104
USC00301752,114.010925
USC00516228,264.32144
USC00252820,171.07924
USC00028012,200.75957
USC00440765,170.153
CA001133275,125.89344
CA005011760,68.53552
USC00247462,91.65934
USC00321370,154.2515
USC00136527,149.03038
CA001090660,69.23497
USC00337700,160.5929
USC00333345,186.62259
ASN00008028,235.68571
USC00258110,141.39722
USC00238523,153.79178
USC00405535,196.59178
CA006149625,113.26503
USC00029359,186.15134
CA007018000,68.68579
USC00132171,139.74367
USC00473649,124.60227
DA000030380,113.3388
USC00169435,258.01648
USC00255090,162.21823
USC00426400,168.1157
USC00468282,157.33333
USC00133438,140.51639
USC00426404,218.83098
USC00181995,183.1065
USC00238577,174.08241
USC00474966,113.172134
USC00344861,225.10928
USC00333326,155.87363
USC00293340,186.87158
USC00146746,176.44536
USC00447338,197.44383
USC00285728,210.77037
USC00481255,148.21782
KZ000035700,155.29085
USC00355515,150.94855
USC00356845,162.05785
USC00446004,198.83606
USC00153036,202.78415
USC00427720,113.934425
USC00043621,176.05373
USC00132110,127.89532
USC00192642,136.2623
USC00029334,246.22678
USC00333315,159.37465
USC00167678,252.78688
USC00225247,229.80602
USC00375110,133.62569
USC00237263,185.03825
USC00242604,100.28689
USC00263515,215.11847
USC00384063,213.56987
USC00388426,238.06557
USC00116910,157.87978
USC00415766,241.0
USC00293368,237.65753
USC00205662,120.73476
USC00240877,102.91803
USC00132136,131.8715
USC00043603,327.57376
CA004021520,85.825134
USC00246190,121.59559
RSM00034009,81.040985
USC00213290,114.80875
USC00031632,216.58951
USC00230608,160.39345
USC00181980,172.003
USC00052557,164.89285
USC00331592,188.31767
USC00354216,169.16394
USC00310674,227.24043
USC00113879,195.2314
USC00476667,94.09836
USC00017304,213.33621
USC00395691,143.72876
USC00451362,71.93104
USC00167767,274.16208
USC00203823,134.53868
USC00350781,144.40984
USC00293300,163.73224
USC00295965,195.31694
USC00032930,202.08815
USC00020958,261.60657
USC00350788,199.45126
USC00290275,225.30602
USC00098666,249.51366
USC00455736,152.71428
USC00108548,112.73022
USC00353827,159.14876
USC00454406,124.55617
USW00012841,278.5437
USC00437054,126.21311
USW00012835,275.79495
USC00047195,168.86777
USC00257670,-3.2967033
USC00085372,253.94618
USC00360134,158.11594
USC00395671,138.46153
USC00027563,297.1913
USC00475315,118.67397
USW00094701,148.07924
USC00097350,202.51093
USC00245685,132.49727
USC00410832,250.40984
USC00035186,215.72728
USC00332098,-37.433334
USC00134867,157.87946
USC00393029,152.54875
USC00281351,153.425
CA006022475,0.114754096
USC00408527,204.45706
USC00428119,170.17612
RSM00024641,-413.95456
RQC00662801,309.9836
USW00012863,238.64478
USC00026242,212.5
USC00026250,306.735
USC00422828,190.0847
USC00224776,229.49582
USC00203858,119.82222
USC00382386,244.83386
USC00407201,200.72908
USC00041867,256.71857
USC00141164,190.77596
USC00353847,191.52974
GL000004360,34.360657
CA006096755,88.19101
USC00414382,241.61473
USC00304844,126.07923
GME00121258,128.09016
USC00215853,118.84426
USC00122825,144.76503
USC00187330,182.26503
ASN00033047,280.5226
ASN00033046,270.46448
USC00252805,162.03552
USC00015555,230.75137
SZ000001940,136.49454
USC00255080,140.4104
USC00459291,147.54329
USC00425040,172.3942
USC00164693,273.77817
USC00510115,288.2377
USC00323117,123.74722
USC00426357,140.1737
USC00283951,171.38527
USC00261740,156.41484
USC00450008,148.01675
GM000001153,133.86885
TSE00147767,199.94809
USC00215842,107.87465
USC00119241,172.24518
USC00413063,293.5847
USC00048476,143.93169
TSE00147769,241.27423
USC00201215,68.89617
USC00142432,186.40298
USC00243099,172.63354
CA006136335,-49.57143
USC00405442,211.41046
USC00107264,127.53278
USC00113930,168.76164
USC00332067,163.9155
CA008200150,113.85924
USC00363200,168.89355
USC00449020,128.32259
USC00301799,131.8224
USC00356907,173.28787
USC00048463,192.09016
USC00146808,185.9224
USC00364533,164.97815
USC00142443,190.54645
USC00443713,185.56757
USC00425065,150.60655
USC00041837,197.54903
USC00240802,145.86885
ASN00021046,235.92896
USC00256375,131.84427
USC00282644,184.65146
USC00050776,76.641304
CA001126145,136.21858
USC00393069,155.40419
USC00303503,139.31197
USC00418773,167.16129
USC00325754,224.49673
USC00049781,149.64516
USC00295950,178.67235
RSM00034880,138.29507
USC00316818,262.90125
USC00142459,192.153
USC00149080,191.5376
CA001162680,121.05986
USC00333375,151.48088
USC00187325,158.06807
USC00107240,118.20219
USC00206922,135.3311
USC00133509,143.6175
USC00226515,235.68895
USC00131731,138.16467
USC00208680,94.26503
USC00207350,120.5
USC00457507,154.15027
USC00087137,273.22687
USC00200718,103.44628
USC00286177,152.69398
CA004056230,71.90959
USC00233649,175.74043
USC00392580,60.173332
USC00048446,221.13115
USC00477113,106.62192
USC00163321,254.93903
CA003070565,129.66383
USC00218011,98.21858
USC00462095,177.82883
USC00093810,216.94263
USC00220325,218.48361
USC00084091,290.2648
USC00153994,205.12842
USC00101079,132.21725
USC00320961,153.65567
USC00511484,257.97507
USC00258935,136.24272
USC00200723,124.61602
USC00023160,141.21979
USC00292860,128.81163
USC00140693,181.46849
USC00118740,149.62022
USC00163313,259.765
USC00290200,237.21428
USC00129430,147.94536
USC00246964,133.09863
USC00041805,142.35562
USC00207358,131.40984
USC00041807,210.85071
USC00466467,186.05464
USC00028815,273.59015
USC00290214,212.98361
USC00152698,178.48045
CA006110605,92.649315
USC00024453,211.13934
USC00487380,135.09863
USC00434882,113.95355
USC00326255,103.12295
USC00212721,84.993286
CA001054920,115.23497
USC00331600,179.01093
USC00292871,235.06268
USC00501201,96.53825
USC00413943,298.99088
USC00142401,185.87123
CA006164430,107.18033
USC00511460,257.9574
CA008400810,86.91507
USC00320941,86.169395
AR000875850,210.9071
USC00175304,120.12637
USC00298192,38.916668
USC00057370,148.36066
CA002100400,14.05618
USC00045385,234.62296
GM000004204,144.4399
USC00258915,148.2541
USC00419265,284.01868
USC00122813,163.07378
USC00332920,175.48352
USC00466442,166.07104
CA005012280,178.38171
USC00222997,242.93388
RSM00029467,61.493877
USC00501230,-65.944824
USC00454430,155.9754
USC00391294,130.80278
USC00518905,285.7143
CA005012279,72.275955
RSM00022837,56.55
USC00160253,243.22571
USC00349760,210.46849
USC00099157,225.36885
AU000015410,-47.37705
USC00462054,181.89864
USC00243008,111.227776
USC00093840,240.56482
USC00257640,171.30698
CA001123930,127.196724
USC00475364,116.31741
USC00458802,138.54918
USC00028800,272.36887
CA006105262,102.635056
USC00231037,169.71585
USC00212737,121.142075
USC00401916,197.65027
USC00416176,232.92583
USC00362721,155.21317
CA006139445,122.0
USC00244345,139.93169
USC00244343,149.75957
USC00141983,200.42769
USC00514561,263.61642
CA003062965,48.236843
USC00328877,106.558556
CA006165716,60.432434
USC00044022,209.63388
USC00212768,108.199455
USC00057337,165.55124
USC00200779,118.513664
SZ000003700,136.05464
USC00336498,182.06284
CA007022000,82.86441
USC00476678,109.46448
UZM00038457,208.45355
CA003022060,85.10383
USC00106785,130.33913
USC00515864,287.34427
USC00291515,209.28955
USC00292848,244.58171
USC00408570,204.83606
USC00307940,126.65847
USC00241297,132.7726
USC00105462,107.209305
USC00467730,75.84553
USC00107900,107.58197
USC00161425,275.145
USC00230536,177.8268
USC00411470,253.78116
USW00024020,162.30055
KZ000035229,76.818184
USC00112497,152.06284
USC00415821,216.06027
USW00024028,154.8825
USC00250130,131.45251
USC00483995,73.24654
USC00409155,202.38799
GM000004063,132.653
USC00127522,155.1589
USC00234904,174.43452
USC00043381,200.60068
USC00112483,190.54875
USC00295056,220.36842
USC00431072,103.50546
USC00410144,272.21097
USC00161411,244.47815
USC00250145,172.27869
USC00204244,133.1545
USC00512182,175.1448
USC00115515,181.70766
USC00047738,194.36612
ASN00086071,195.55737
USC00457690,145.86066
USC00411486,311.6825
USC00014845,237.95953
USC00258090,154.84483
USC00013511,223.89503
USC00504555,54.120846
USC00447435,203.05464
USC00182345,166.21945
USC00072730,182.1448
KZ000036535,248.13821
RSM00021921,-417.08197
USC00047723,263.09015
USC00208631,132.62022
USC00392610,179.9347
USC00127547,199.7623
USC00505884,35.889553
USC00482638,47.371902
USC00512156,235.20213
USC00216233,103.0847
USC00210934,153.46207
USC00080369,281.73538
USC00170371,119.78142
USC00295079,246.72678
USC00358734,187.79832
USC00255805,168.97675
USC00035754,221.80055
CA001107680,149.36612
USC00156091,181.10864
CA004011888,62.428963
USW00024035,116.726776
USC00447420,236.9505
USC00392614,126.434906
USC00168067,253.7889
USW00024036,109.72581
USC00030064,209.31322
USC00018398,248.4399
USC00317363,163.89891
USC00444350,145.30602
USC00283029,166.0246
USC00246918,100.66393
CA006122851,132.93092
USC00124449,160.2542
USC00194313,152.61813
USC00369407,147.25206
USC00171670,151.07924
USW00003124,235.56284
USC00196977,127.035614
USC00010422,236.9863
USC00243885,135.1726
USC00331662,128.95082
USC00184980,172.89891
USC00358746,142.83879
USC00316044,216.58197
USC00044679,180.3974
USC00221606,260.31967
USC00317370,205.42029
USC00084731,260.73425
USC00381997,250.62465
USC00457680,174.3825
CA005042800,-127.61539
USC00055327,149.50273
USC00055322,148.41176
USC00234914,182.46956
USC00453284,161.24863
USC00332974,151.13661
USC00329333,94.29444
USW00024088,123.96726
USC00516552,257.3863
USC00052281,86.830605
USC00150757,185.30959
USC00241202,78.909836
USC00266504,180.06482
USC00018385,228.81967
USC00444365,222.54903
USC00144081,193.29585
USC00255840,175.34154
USC00457657,118.91065
USC00141801,189.70137
CA006166416,112.330605
USC00410120,242.54701
USC00018391,207.98907
USC00422101,188.91475
USC00251490,128.53192
USC00393987,148.2459
USC00286974,159.38083
USC00476827,138.9315
USC00214441,129.09146
USC00157324,191.94737
USC00087812,269.22528
USC00485770,126.34118
USC00144008,192.39444
USC00293265,192.27596
USC00352564,182.05618
USC00332156,169.15686
USC00203785,104.29781
USC00057950,158.88524
USC00157319,189.83879
USC00340593,202.60382
BOM00026850,83.93989
USC00210075,121.42077
DA000021100,100.96175
USC00368905,142.98634
USC00343628,202.60165
USC00414591,255.63115
USC00247382,124.81096
USC00319191,201.78961
USC00363218,170.87704
USC00020680,256.05466
USC00413262,178.72131
USC00483100,105.69399
USC00312550,207.57924
USC00203796,107.0
TSE00147775,241.31285
USW00026617,21.1694
USC00451504,141.31781
TSE00147778,198.40909
USC00222094,236.73314
USC00300540,134.93333
USC00413267,309.85245
USC00516591,237.18507
USC00108380,137.94135
USC00460450,196.07123
USC00293288,194.98555
USC00057936,120.44444
USC00284339,162.38524
CA004062580,-30.070469
USC00181890,156.15126
USC00425247,99.14815
USC00094110,242.17143
USC00304912,119.05136
USC00109698,143.05464
USC00325833,112.73684
USC00119021,154.9233
USC00355621,164.0585
HRE00105203,159.96175
USC00413277,274.2459
CA005012960,190.19417
USC00312533,206.66286
USC00113717,163.95891
USC00145363,180.11539
CA001092970,81.86612
USC00293294,220.48125
USC00319147,189.0
USW00094728,157.70766
USC00104831,137.99443
USC00100470,104.56011
USC00087851,272.88797
RQC00665807,298.55957
CA006153192,115.907104
USC00472423,119.300545
USC00231822,140.30048
USC00458115,135.09836
CA004044735,71.7623
USC00517023,287.653
USC00332119,156.37704
UK000047811,123.41257
USC00517026,254.05075
USC00134644,153.90604
USC00415869,244.10382
USC00337800,164.71039
USC00263405,166.27869
USC00018323,240.91232
USC00094133,195.5055
CA008204480,97.60942
CA001113570,140.37158
USC00415875,215.24033
USC00027281,264.98627
USC00240780,137.82513
USC00053546,171.82089
USC00468384,184.37534
USC00425215,188.84616
USC00325803,191.9781
USC00415891,259.68033
USC00251405,192.85869
USC00293242,165.71312
CA005012930,74.92623
USC00418910,241.84657
CA006136643,108.43716
USC00354329,125.94721
USC00482685,130.39091
USC00261686,157.36723
USC00238444,160.92622
CA003033879,107.54395
USC00402589,207.78961
USC00100448,171.86612
USC00300511,162.68579
USC00087867,197.05661
USC00213169,127.64835
USC00470696,131.0847
USC00251415,176.0
USC00137700,128.55249
RQC00660158,274.52185
USC00406950,204.0082
USW00025325,143.7705
USW00025323,-10.290322
USC00166244,242.01912
USC00455844,128.56284
USC00042862,240.41107
ASN00046037,272.3306
USC00130364,146.9233
CA001125585,113.00546
USC00040204,220.75168
USC00326315,123.12774
USC00323287,108.33424
CA002201998,67.66909
USC00451484,147.78961
USC00301010,116.96175
USC00250930,156.17487
USC00187250,210.89473
USW00012944,131.51724
USC00294512,233.85246
USC00098547,211.76111
USC00336590,173.08743
USC00053508,174.54121
USC00232289,197.92287
ASN00010093,345.87097
CA004012390,77.97268
USC00417580,263.90067
USC00094170,238.7367
USC00250945,150.67487
CA003033890,119.773224
USC00451496,141.86781
USC00049490,214.06181
USC00265191,196.5
CA006158065,119.37978
USC00483060,103.60822
USC00365915,125.649315
USC00166308,239.55191
USC00245596,207.8427
USC00054834,186.55801
USC00098535,241.83516
USC00134735,131.71312
USC00455822,189.674
USC00257555,154.55693
USC00449186,223.05475
USC00158714,169.87088
USC00153028,192.08743
USC00130385,132.71858
USC00086584,280.81146
USC00117375,128.05495
USC00049473,206.20218
USC00471078,136.41644
USC00476764,120.832726
USC00361589,169.21585
USC00134746,146.19125
USC00158706,209.05014
USC00176597,138.0125
CA003012998,87.382515
USC00253185,162.99454
USC00352639,174.62047
USC00105376,113.144806
USC00265168,216.72018
ASN00010073,252.07104
EZE00100082,117.15301
USC00476750,125.03306
USC00416276,250.12296
USC00303662,112.57377
USC00244241,144.10655
USC00245572,90.84273
USC00441209,149.9918
CA004015440,51.696968
USC00428240,121.60497
CA003024960,172.16484
USC00441200,210.87158
USC00225987,240.7485
USC00235340,157.86339
CA001100120,153.85246
USC00085275,253.99434
USC00049452,247.27492
USC00234019,187.03552
FR000007510,173.29507
USC00138296,142.57222
USC00483031,125.84062
USC00212698,121.013664
USC00132999,133.00279
CA008204400,69.21429
USC00425148,124.5
USC00404223,208.25896
USC00289135,177.55737
USC00413183,264.7869
USC00049447,225.98907
USC00116093,186.63115
USC00190860,194.53688
USC00168923,224.99347
CA001166947,125.73224
USC00416205,277.80054
CA001166945,128.41803
ASN00034002,311.11978
USC00097240,255.52597
CA006136694,113.09836
USC00144972,187.07378
HRE00105182,124.92857
USC00410902,252.85675
HRE00105189,183.6448
USC00202423,104.04709
USC00449146,210.6497
CA004074640,51.18033
USC00155640,174.2705
USC00291469,258.21585
USC00025467,291.0492
USC00413192,243.81694
USC00026796,187.88524
USC00320196,120.933334
USC00048105,179.20274
MX000008029,254.68306
ASN00009034,230.6175
USC00097276,248.34973
USC00488705,113.188446
RSM00024959,-96.89401
USC00290131,230.7295
USC00042805,270.1213
USC00425186,139.39436
USC00128036,61.291668
USC00510456,284.58282
USC00397545,126.42254
USC00396212,148.40332
CA001173210,95.78531
USC00046399,256.81693
USC00197475,158.74043
USC00101810,145.47923
NLM00006310,128.15846
CA004040420,83.88798
RSM00032583,20.57377
RSM00031253,1.2677596
USC00476718,126.56712
USC00315600,206.9646
USC00051741,133.4918
USC00410923,239.21585
USC00257591,97.833336
USC00110766,158.0548
USC00090660,237.21739
CA001153655,17.448277
USC00390043,150.38524
USC00151225,196.39178
USC00348501,212.14754
USC00469605,188.64383
USC00362814,200.64583
USC00383742,216.85124
CA006116254,101.68306
USC00470603,87.39032
USC00422996,163.77563
USC00057031,158.55069
USC00412715,259.8822
SIM00014015,139.08743
USC00241149,151.63977
USC00394413,153.52632
USC00474195,98.325066
USC00286062,163.75429
USC00419365,276.6175
USC00144937,190.8661
USC00188510,163.80588
USC00144932,189.61476
CA004013640,59.632812
USC00358797,180.23447
RSM00024944,-400.27274
CA001096436,104.947716
USC00338366,136.78142
USC00091982,203.69014
USC00131635,129.76633
USC00254440,96.747055
USC00369464,161.653
USC00045032,229.17015
USC00143616,167.99573
USC00304102,114.065575
USC00107968,151.49036
USC00138266,151.2685
USC00250070,156.87247
USC00465224,169.92877
USC00132977,124.01918
USC00298072,147.47267
USC00500230,15.868853
USC00046351,196.18579
USC00326365,122.558136
USC00477202,112.025
USC00306774,155.25957
CA008101170,69.33236
USC00383754,221.40056
USC00411412,112.68421
USC00060801,156.53279
USC00446979,188.13115
USC00014798,225.90685
USC00466565,130.072
USC00148495,184.89891
USC00207277,88.76488
USC00207271,90.77049
USC00253175,165.53424
GM000004155,-29.521858
USC00338342,52.935482
USC00118684,-9.803572
USC00265155,165.64857
USC00361524,19.461538
USC00141858,194.37535
USC00453222,155.6776
USC00306745,131.79782
CA008105580,36.95699
USC00207286,126.10989
USC00475484,111.79235
USC00219249,108.02388
USC00325013,91.520836
USC00361512,179.07924
USC00046332,182.00838
USC00280729,161.34831
CA003072657,28.458563
USC00141866,183.98494
USC00010377,208.91794
USC00305426,126.8388
USC00341927,229.44809
USC00410984,241.10109
USC00305429,106.80875
USC00406012,194.64207
USC00429595,164.03105
USC00393129,115.14522
USW00012919,272.7867
USC00021026,296.73972
USC00512225,277.94766
USC00257515,164.48907
USW00012930,262.9317
USC00391392,151.76
USC00138231,153.80273
USC00450176,146.71858
USC00467846,184.37158
USC00135198,147.0929
USC00338313,143.67397
USC00313017,227.81421
USC00106681,162.81421
USC00359216,154.79501
USC00093754,235.93443
NLM00006380,133.89618
USC00458903,183.85754
USC00454549,140.39072
CA006046588,68.0765
USC00450184,108.338844
USC00047643,224.86066
USC00246862,137.05464
USC00338308,183.28572
USC00427931,166.57976
USC00426601,146.78513
USC00297588,167.59563
KZ000035108,95.22131
USW00024142,158.45706
USC00199928,138.09563
USC00137678,149.82191
USC00115405,194.99725
USC00047866,162.05737
USC00242409,156.43288
USC00301949,148.5847
USC00288644,153.51366
MX000005002,232.87671
USC00460527,161.65862
USC00401312,199.69672
USC00307250,130.73131
USW00094014,98.773224
USC00080228,289.4563
USC00458207,178.79234
USC00141704,193.92896
USC00113693,135.05225
USC00055484,132.02466
USW00024137,132.8642
USC00229400,220.14407
USC00358838,48.8
USC00124382,181.0
USC00034562,226.77869
USC00058510,179.02695
USW00024135,104.226776
USC00204127,87.853935
USC00046522,227.61476
USC00264646,264.34247
USC00402657,215.19337
USC00470786,102.6647
USC00043491,184.03825
USC00035866,229.14285
USC00217460,94.43288
USC00299304,204.21703
USC00438600,137.31694
USC00161323,259.06
USC00422253,141.5765
USC00229439,244.31967
USC00443192,191.20218
USC00072625,168.72928
USC00513367,261.02557
USC00204153,106.31198
USC00455156,163.33333
RSM00028440,50.991802
USC00354499,149.63187
USC00380764,248.4137
USC00056797,143.18571
USC00415972,295.306
USC00399367,183.96
USC00249015,117.37465
USC00467135,195.31653
USC00112348,139.2562
USC00208506,89.75549
USW00024157,139.28415
USC00046506,232.04372
USC00084620,286.8767
USC00304174,134.28688
USC00136305,122.26849
USC00241102,137.40845
USC00503125,109.91507
USC00205488,120.19125
USC00046508,236.1175
USC00250050,148.6448
USC00467105,192.99454
USC00030150,241.47713
USC00150619,194.12602
USC00390128,40.17808
USC00344235,213.04396
USC00392797,123.9863
USC00047821,207.4754
USC00043468,178.2562
USC00264698,212.91379
USC00424856,120.06301
USC00234825,181.32877
USC00353192,116.44444
USC00170238,14.82659
USC00331778,157.28415
USC00114108,178.73352
USC00103460,188.42978
USC00116769,155.77869
USC00445784,140.9806
USC00243749,133.77869
RSM00030710,40.02186
USC00047810,262.79507
USC00204184,114.45355
USC00329445,74.56347
USC00358887,157.73627
USC00035820,212.84384
USC00308503,-43.25
USC00083316,264.60928
USC00051071,103.556885
USC00251365,154.16805
UPM00033506,95.68033
USC00345581,221.26503
USC00136327,148.04645
USC00267710,92.19105
CA008101920,22.289257
EZ000011464,74.88525
USC00044773,137.53552
USC00123024,140.28142
USC00482715,102.4137
CA001148957,98.07104
CA004019040,79.10303
USW00074401,165.50546
USC00457773,158.18306
CA006087255,88.0765
USC00305489,99.751366
SZ000002220,-8.226776
USC00137664,122.97784
ASN00055023,269.1466
USW00024193,189.79941
USC00163930,245.78813
USC00071330,180.21858
CA001015160,138.24234
USC00426686,161.31285
USC00429717,235.88115
USC00122586,91.00606
USC00192451,213.62567
USW00014734,169.03847
USC00085990,253.73447
USC00298838,219.65373
USC00417730,208.30055
USC00110591,151.91223
USC00146549,202.87053
USC00134561,168.76
USC00273530,121.29508
USC00519521,279.3798
USC00202332,80.53611
USC00508855,64.84869
CA004047080,144.77596
USC00181790,167.95628
USC00204997,92.077995
USC00095314,227.02942
FR013055001,186.56557
USC00017157,219.99454
USC00503162,64.96175
USC00332270,153.83879
USC00154165,181.0765
USC00247261,169.13173
USC00040395,191.4959
USC00352693,170.48209
USC00439984,121.40476
USC00199080,161.92896
USC00241953,128.26776
USC00463630,191.31967
USC00040383,219.9397
USC00425377,135.7731
ASN00074128,228.37158
USC00476922,125.97541
RQC00661300,313.86887
USC00309000,119.791664
RQC00662634,269.16666
USC00253910,165.95616
USC00134585,151.86612
USC00313976,188.82513
USC00297525,160.81694
RSM00027995,89.57429
USC00451630,140.96307
USC00259200,165.72055
USC00235253,193.36723
USC00018469,216.02486
HR000142360,149.15573
USW00014767,184.56717
USC00157211,173.653
USC00102942,165.32033
ASN00010111,255.90137
USC00436020,118.31694
USC00460580,173.71312
USC00284229,181.29558
ASN00018070,216.47934
USC00336600,159.4399
USC00203698,116.53973
USC00426648,139.55525
USC00018438,228.17126
USC00307282,161.58716
CA001107710,128.96175
USC00253976,156.17033
USC00027388,269.84702
USC00471213,112.68802
USC00166117,265.07693
USC00247286,138.78905
ASN00006062,267.2623
USC00181750,179.97267
USC00413329,245.10919
USC00402680,206.53978
USC00038052,205.81967
CA008205698,102.199455
USC00018446,249.28847
MX000005044,280.24023
USC00044713,151.67487
USC00202393,122.44505
USC00363379,152.1099
USC00130173,127.01945
USC00040355,62.419353
USC00367734,139.75957
USC00367733,128.88115
USC00121229,160.68306
USC00231711,197.10136
USC00414670,258.88394
USC00163079,233.82649
ASN00031010,292.4153
USC00313969,199.98088
USC00312635,215.26869
USC00020768,199.6036
USC00350078,153.76767
USC00448894,179.38689
USC00053662,116.73481
USC00512905,265.69376
USC00365104,165.88524
USC00308597,78.208336
USC00101667,134.91003
USC00130181,134.21039
USC00027370,294.91803
USW00024121,156.22404
USC00355770,162.66121
USC00417705,240.4399
CA006150815,106.45355
USC00480140,92.56712
USC00248597,122.4422
USC00412019,235.48088
USC00452914,185.68852
USW00024128,171.60928
USC00485830,130.13129
USW00024125,181.69737
USC00301966,105.74044
USC00479144,103.30411
USC00217405,131.04372
USC00086414,283.6326
USC00053643,148.34648
USC00241974,87.55649
USC00204104,93.28962
USC00205436,132.80899
USC00310090,222.52185
USC00427015,195.66423
USC00143554,191.49712
USC00193821,133.09254
USC00095394,234.0246
USC00475563,118.541435
USC00480915,113.06027
USC00351407,153.79167
USC00123960,219.66013
SZ000008390,141.78415
USC00109638,180.81868
USC00488875,145.56987
USC00442635,202.8552
USC00248501,120.68169
USC00200568,129.73239
USC00187140,184.95027
USC00358034,163.53592
CA007064998,55.46175
USC00451586,168.11476
USC00253075,160.986
CA005021840,76.10929
USC00455946,143.60109
USC00054945,133.33333
USC00122645,165.32213
USC00303773,134.30164
CA007074240,77.87868
GME00102316,136.4399
USC00135952,121.89891
USC00376712,137.1488
USC00454619,92.833336
USC00376710,156.90437
RSM00022217,-29.032608
USC00315771,221.84427
USW00094957,237.99272
USC00360361,128.24529
USC00455958,170.01396
USC00419421,252.37363
USC00212559,159.9155
USC00203616,165.55138
USC00306810,128.29373
USC00295754,218.24
USC00421731,153.43681
USC00315763,222.2705
USC00130205,144.83702
USC00215615,110.43646
USC00132864,125.8137
USC00262840,192.59723
USC00131533,158.52603
USC00042941,234.72697
USC00364758,173.54546
USC00463544,200.2904
USC00160098,247.95628
USC00203624,101.31421
USW00014806,160.56831
USC00097130,209.51796
USW00014804,138.04645
USC00041614,156.61671
USC00336675,153.07924
USC00037582,229.11201
USC00189750,180.4274
USC00204954,138.4423
USC00257485,-256.0
USC00211245,110.372604
USC00396357,144.21346
USC00429629,175.4
USC00152469,182.68591
USC00476859,100.637985
USC00241919,125.73972
USC00358087,-68.645164
CE000434730,193.68115
USC00343821,221.18283
CYE00115566,249.78593
USC00204969,113.68033
USC00143527,178.82191
USC00163117,251.06934
USC00220195,231.5601
USC00292665,209.43878
USC00051886,243.51613
USC00334006,7.741573
USC00203632,99.66545
USC00028619,245.18852
USC00215638,105.23836
USC00449263,188.85246
USC00512983,228.07378
USC00475516,96.092896
USC00030936,221.95355
USC00309047,150.42896
USW00014828,103.23273
CA006113000,101.05191
USC00188405,181.88799
USC00190736,133.10382
MX000008155,220.43956
USC00291345,238.32065
USC00048218,159.40437
USC00016640,239.47182
CA005012080,195.27849
USC00309050,125.56868
USC00476838,132.9558
USC00256135,141.0601
USW00014845,125.56011
USC00048210,223.83476
USC00049540,182.2541
USC00109658,167.60165
USC00168828,245.59178
USC00362108,165.31285
USW00014840,117.42077
USC00325993,100.34722
USC00388714,231.5765
USC00176430,136.46887
USC00417678,244.29507
USC00202329,117.136986
CA001163779,134.70493
USC00036248,200.08743
CA006136597,108.38187
USC00415018,257.694
USC00142213,169.26503
USC00335310,174.99727
USC00129253,170.32513
USC00458190,163.53972
USC00057167,171.0
USC00335315,146.1448
USC00230371,172.54099
USC00514742,273.1612
USC00391496,125.28142
USC00253015,183.05
USC00305580,124.07801
CA001101530,141.17809
CA001025340,130.96793
USC00241022,82.62022
USC00013573,237.09557
USC00268988,131.14285
USC00208434,126.866295
USC00161380,259.03748
USC00127482,146.0246
USC00204093,100.76923
USC00147093,173.33606
USC00254335,168.85417
USC00457756,161.76439
USC00164407,255.46132
USC00263285,174.80548
GM000002288,130.8552
CA003015960,97.79235
USC00204090,110.69589
USC00452066,134.50546
USC00097165,254.84135
USC00082915,275.3825
USC00228036,238.4121
CA001128580,123.05738
CA004019070,131.55933
USC00210783,123.12022
USC00452030,158.32787
USC00400876,200.32103
CA001012008,144.7295
GM000002277,139.17213
USC00119822,139.62842
USC00082944,242.8552
USC00310901,146.77815
USC00291300,218.43333
USC00337145,-27.616667
USC00251280,144.27142
USC00033164,193.02466
USC00368249,142.7726
USC00409219,197.49042
USC00344298,199.62296
USC00474295,106.24176
USC00256970,153.86339
USC00391485,148.09563
USC00400884,273.46262
USC00234722,180.17126
USC00304234,138.41917
NLM00006235,115.666664
USC00410204,252.03279
USC00242347,126.02459
USC00465353,226.08865
USC00156805,182.60928
USC00394516,150.52856
USC00253050,157.72678
USC00090581,244.71039
USC00513455,242.75862
RQC00668757,313.18854
USC00395891,157.09836
CA006104185,102.959015
USC00140405,95.04717
USC00305540,157.2377
USC00182280,231.64468
USC00114198,151.863
USC00012207,208.74316
USC00136386,154.14803
CA001173180,63.12295
USC00054082,212.57085
RSM00030692,20.693989
USC00317516,120.25664
CA006012490,37.746517
USC00296191,245.15224
USC00394576,142.94536
USC00026865,293.36887
USC00160007,251.79779
USC00331818,136.82466
USC00430690,117.6903
USC00045123,212.64207
USC00241080,157.45206
CA001025375,156.33629
USC00301196,109.372604
USC00054076,193.80663
USC00141740,190.53006
ASN00003002,320.8356
USC00106573,151.5751
USC00147049,198.36304
USC00428385,111.493034
USC00314496,172.3825
USC00253035,183.12396
USC00352706,196.86989
USC00305512,117.338196
USC00058429,172.01912
USC00219166,108.27869
USC00241044,102.330605
USC00514771,227.36339
UPM00033587,101.02732
USC00186620,147.5457
USC00393217,-22.22
NLM00006260,131.63934
USC00292608,189.65639
USC00452007,131.29002
USC00514778,264.61182
USC00046434,245.01686
USC00102187,151.64789
USC00106542,155.97797
USC00361652,189.8983
USC00120831,156.51366
USC00478610,87.77808
USC00267660,173.46025
USC00266330,137.95355
USC00162684,5.5
USC00119854,121.170616
USC00152407,191.60883
USC00512121,207.0
USC00093621,204.28688
USC00033132,205.00273
